{"accuracy": [0.5962499976158142, 0.6650000214576721, 0.65625, 0.6712499856948853, 0.7200000286102295, 0.7149999737739563, 0.7149999737739563, 0.7487499713897705, 0.7662500143051147, 0.7737500071525574], "loss": [0.6948195695877075, 0.6069962382316589, 0.606357753276825, 0.5878611207008362, 0.5531965494155884, 0.5580306053161621, 0.553848385810852, 0.5256317257881165, 0.48531562089920044, 0.4775592088699341], "val_accuracy": [0.6019900441169739, 0.6169154047966003, 0.5621890425682068, 0.6517412662506104, 0.6218905448913574, 0.646766185760498, 0.6666666865348816, 0.6666666865348816, 0.676616907119751, 0.6616915464401245], "val_loss": [0.6456173062324524, 0.625525176525116, 0.6936469674110413, 0.6458468437194824, 0.6595857739448547, 0.6228273510932922, 0.634312629699707, 0.5932185649871826, 0.5935271382331848, 0.5845443606376648]}