{"accuracy": [0.6650000214576721, 0.706250011920929, 0.6800000071525574, 0.7112500071525574, 0.6775000095367432, 0.6937500238418579, 0.6887500286102295, 0.7087500095367432, 0.7124999761581421, 0.7174999713897705], "loss": [0.6145076155662537, 0.5828261375427246, 0.5892471075057983, 0.5808675289154053, 0.591493546962738, 0.5702207684516907, 0.5793195366859436, 0.5807698369026184, 0.5708415508270264, 0.5571138262748718], "val_accuracy": [0.6965174078941345, 0.6915422677993774, 0.6666666865348816, 0.7014925479888916, 0.6915422677993774, 0.6965174078941345, 0.7064676880836487, 0.6815920472145081, 0.711442768573761, 0.7164179086685181], "val_loss": [0.5792388319969177, 0.5671953558921814, 0.589318037033081, 0.6224422454833984, 0.5783529877662659, 0.56745445728302, 0.5531052350997925, 0.6288725733757019, 0.5927417874336243, 0.5642788410186768]}